<?xml version="1.0" encoding="UTF-8"?>
<beans:beans xmlns="http://www.springframework.org/schema/mvc"
	xmlns:xsi="http://www.w3.org/2001/XMLSchema-instance"
	xmlns:beans="http://www.springframework.org/schema/beans"
	xmlns:context="http://www.springframework.org/schema/context"
	xsi:schemaLocation="http://www.springframework.org/schema/mvc https://www.springframework.org/schema/mvc/spring-mvc.xsd
		http://www.springframework.org/schema/beans https://www.springframework.org/schema/beans/spring-beans.xsd
		http://www.springframework.org/schema/context https://www.springframework.org/schema/context/spring-context.xsd">

	<!-- DispatcherServlet Context: defines this servlet's request-processing infrastructure -->
	
	<!-- Enables the Spring MVC @Controller programming model -->
	<annotation-driven />

	<!-- Handles HTTP GET requests for /resources/** by efficiently serving up static resources in the ${webappRoot}/resources directory -->
	<resources mapping="/resources/**" location="/resources/" />
	<resources mapping="/image/**" location="/image/" />

	<!-- Resolves views selected for rendering by @Controllers to .jsp resources in the /WEB-INF/views directory -->
	
	<!-- 
	<beans:bean class="org.springframework.web.servlet.view.InternalResourceViewResolver">
		<beans:property name="prefix" value="/WEB-INF/views/" />
		<beans:property name="suffix" value=".jsp" />
	</beans:bean>
	 -->
		<!-- 타일즈 실습 설정 -->
	<beans:bean id="tilesConfigurer" class="org.springframework.web.servlet.view.tiles2.TilesConfigurer">
    	<beans:property name="definitions">
        	<beans:list>
        		<beans:value>classpath:tiles/*.xml</beans:value>
         	</beans:list>
        </beans:property>
        <beans:property name="preparerFactoryClass"
                   value="org.springframework.web.servlet.view.tiles2.SpringBeanPreparerFactory" />
   </beans:bean>
   
    <beans:bean id="viewResolver"
      class="org.springframework.web.servlet.view.UrlBasedViewResolver">
    	<beans:property name="viewClass" value="org.springframework.web.servlet.view.tiles2.TilesView" />
    </beans:bean>
    
	<!-- Mybatis -->
	<beans:bean name="dataSource" class="org.springframework.jdbc.datasource.DriverManagerDataSource">
			<beans:property name="driverClassName" value="oracle.jdbc.driver.OracleDriver"/>
			<beans:property name="url" value="jdbc:oracle:thin:@DESKTOP-PE71T83:1521/xe"/>
			<beans:property name="username" value="system"/>
			<beans:property name="password" value="1234"/>
	</beans:bean>
	
	<beans:bean id="sqlSessionFactory" class="org.mybatis.spring.SqlSessionFactoryBean">
    	<beans:property name="dataSource" ref="dataSource"/>
    	<beans:property name="mapperLocations" value="classpath:com/*/*/*.xml"/>
    </beans:bean>
   
    <beans:bean id="sqlSession" class="org.mybatis.spring.SqlSessionTemplate">
    	<beans:constructor-arg index="0" ref="sqlSessionFactory"></beans:constructor-arg>
    </beans:bean>

	<context:component-scan base-package="com.*" />
	
</beans:beans>