<?xml version="1.0" encoding="UTF-8"?>
<!DOCTYPE tiles-definitions PUBLIC
"-//Apache Software Foundation//DTD Tiles Configuration 2.0//EN"
"http://tiles.apache.org/dtds/tiles-config_2_0.dtd">
<tiles-definitions>

	<definition name="baseLayout" template="/WEB-INF/views/layout.jsp">
		<put-attribute name="header" value="/WEB-INF/views/header.jsp" />
		<put-attribute name="nav" value="/WEB-INF/views/nav.jsp" />
		<put-attribute name="body" value="" />
		<put-attribute name="footer" value="/WEB-INF/views/footer.jsp" />
	</definition>
	
	<definition name="main" extends="baseLayout">
		<put-attribute name="body" value="/WEB-INF/views/main.jsp"/>
	</definition>
	
	<!-- 이용약관, 개인정보처리방침 -->
	<definition name="tou" extends="baseLayout">
      	<put-attribute name="body" value="/WEB-INF/views/tou.jsp"/>
    </definition>
    
    <definition name="private" extends="baseLayout">
      	<put-attribute name="body" value="/WEB-INF/views/private.jsp"/>
    </definition>
    
    <definition name="join" extends="baseLayout">
      	<put-attribute name="body" value="/WEB-INF/views/join.jsp"/>
    </definition>
    
    <definition name="login" extends="baseLayout">
      	<put-attribute name="body" value="/WEB-INF/views/login.jsp"/>
    </definition>
    
    <definition name="mypage" extends="baseLayout">
      	<put-attribute name="body" value="/WEB-INF/views/mypage.jsp"/>
    </definition>
    
    <definition name="mypage_check" extends="baseLayout">
      	<put-attribute name="body" value="/WEB-INF/views/mypage_check.jsp"/>
    </definition>
    
     <definition name="introduce" extends="baseLayout">
      	<put-attribute name="body" value="/WEB-INF/views/introduce.jsp"/>
    </definition>
    
     <definition name="hawaii" extends="baseLayout">
      	<put-attribute name="body" value="/WEB-INF/views/hawaii.jsp"/>
    </definition>
    
    <definition name="la" extends="baseLayout">
      	<put-attribute name="body" value="/WEB-INF/views/la.jsp"/>
    </definition>
    
    <definition name="thailand" extends="baseLayout">
      	<put-attribute name="body" value="/WEB-INF/views/thailand.jsp"/>
    </definition>
    
    <!-- 공지사항 -->
     <definition name="notice_list" extends="baseLayout">
      	<put-attribute name="body" value="/WEB-INF/views/notice_list.jsp"/>
    </definition>
    
    <definition name="notice_input" extends="baseLayout">
      	<put-attribute name="body" value="/WEB-INF/views/notice_input.jsp"/>
    </definition>
    
    <definition name="notice_detail" extends="baseLayout">
      	<put-attribute name="body" value="/WEB-INF/views/notice_detail.jsp"/>
    </definition>
      
    <definition name="notice_modifyform" extends="baseLayout">
      	<put-attribute name="body" value="/WEB-INF/views/notice_modifyform.jsp"/>
    </definition>
    
    <!-- 이용 안내 -->
    <definition name="luggage" extends="baseLayout">
      	<put-attribute name="body" value="/WEB-INF/views/luggage.jsp"/>
    </definition>
    
      <definition name="luggage1" extends="baseLayout">
      	<put-attribute name="body" value="/WEB-INF/views/luggage1.jsp"/>
    </definition>
    
      <definition name="luggage2" extends="baseLayout">
      	<put-attribute name="body" value="/WEB-INF/views/luggage2.jsp"/>
    </definition>
    
      <definition name="luggage3" extends="baseLayout">
      	<put-attribute name="body" value="/WEB-INF/views/luggage3.jsp"/>
    </definition>
    
     <definition name="passenger" extends="baseLayout">
      	<put-attribute name="body" value="/WEB-INF/views/passenger.jsp"/>
    </definition>
    
      <definition name="passenger1" extends="baseLayout">
      	<put-attribute name="body" value="/WEB-INF/views/passenger1.jsp"/>
    </definition>
    
      <definition name="passenger2" extends="baseLayout">
      	<put-attribute name="body" value="/WEB-INF/views/passenger2.jsp"/>
    </definition>
    
    <definition name="passenger3" extends="baseLayout">
      	<put-attribute name="body" value="/WEB-INF/views/passenger3.jsp"/>
    </definition>
    
    <definition name="bording" extends="baseLayout">
      	<put-attribute name="body" value="/WEB-INF/views/bording.jsp"/>
    </definition>
	
	<!-- 비행 리스트 폼 -->
	<definition name="flight_view" extends="baseLayout">
		<put-attribute name="body" value="/WEB-INF/views/flight_view.jsp"/>
	</definition>
	
	<!-- 비행 요금 링크 -->
	<definition name="asiana" extends="baseLayout">
		<put-attribute name="body" value="/WEB-INF/views/asiana.jsp"/>
	</definition>
	<definition name="singapore" extends="baseLayout">
		<put-attribute name="body" value="/WEB-INF/views/singapore.jsp"/>
	</definition>
	<definition name="tway" extends="baseLayout">
		<put-attribute name="body" value="/WEB-INF/views/tway.jsp"/>
	</definition>
	<definition name="korean" extends="baseLayout">
		<put-attribute name="body" value="/WEB-INF/views/korean.jsp"/>
	</definition>
	
	<!-- 국내, 국제선 -->
	<definition name="domestic" extends="baseLayout">
		<put-attribute name="body" value="/WEB-INF/views/domestic.jsp"/>
	</definition>
	<definition name="inter" extends="baseLayout">
		<put-attribute name="body" value="/WEB-INF/views/inter.jsp"/>
	</definition>
	
		<definition name="mapgo" extends="baseLayout">
		<put-attribute name="body" value="/WEB-INF/views/mapgo.jsp"/>
	</definition>

</tiles-definitions>